<?xml version="1.0" encoding="utf-8"?>
<group>
    <text>
        <slices>
            <slice size="14" color="#FF9900">警告</slice>
            <slice break="true"></slice>
            <slice break="true"></slice>
            <slice size="14" color="#FF9900">在使用本页面的功能之前，请确认你清楚自己将要做什么，以及做好数据备份</slice>
            <slice break="true"></slice>
            <slice break="true"></slice>
            <slice size="14" color="#FF9900">一旦使用这些功能则代表你已阅读风险，出现的一切后果请自行承担风险</slice>
            <slice break="true"></slice>
            <slice break="true"></slice>
            <slice size="14" color="#FF9900">你已经被警告过了</slice>
        </slices>
    </text>
</group>

<group>
<!-- START -->
    <action auto-off="false" interruptible="false">
        <title>刷入镜像</title>
        <set>. ./Mirror_Partition_Brush_in.sh</set>
        <params>
            <param name="ChongQi" label="刷入后自动重启系统" type="checkbox" />
            <param name="ChongQi2" label="刷入后自动重启至Recovery" type="checkbox" />
            <param name="IMG" title="注：要刷入的镜像大小不能大于显示的大小" options-sh="sh ./Block_Device_Name.sh" required="true"/>
            <param name="Brush_in" type="file" suffix="img" editable="true" required="true" title="可输入img文件绝对路径，也可以使用文件选择器选择文件" required="true" />
        </params>
    </action>
<!-- END -->
<!-- START -->
    <action interruptible="false">
        <title>提取镜像</title>
        <set>. ./Mirror_Partition_Extract.sh</set>
        <params>
            <param name="IMG" title="请选择分区支持多选：" multiple="true" options-sh="sh ./Block_Device_Name.sh" required="true"/>
            <param name="Extract" type="folder" editable="true" required="true" title="可输入img文件绝对路径，也可以使用文件选择器选择文件" value-sh="Dir=$Data_Dir/img_Extract_Dir.log; if [[ -f $Dir ]]; then cat $Dir; else echo $GJZS/img_Extract; fi " required="true" />
        </params>
    </action>
<!-- END -->
</group>
<group title="打包ROM">
<!-- START -->
    <action interruptible="false">
        <title>打包当前系统ROM</title>
        <summary>请确保有足够的储存空间</summary>
        <set>. ./Pack_ROM.sh</set>
        <params>
            <param name="Type">
                <option value="Card_Brush">制作成卡刷包</option>
                <option value="Wire_Brush">制作成线刷包</option>
            </param>
            <param name="Dir" type="folder" editable="true" required="true" title="可输入要打包到的目录，也可以使用文件选择器长按选择目录" value-sh="echo $GJZS/ROM" />
            <param name="IMG" title="请选择要打包的分区" multiple="true" options-sh="sh ./Block_Device_Name.sh" required="true" />
            <param name="ROOT" label="加入Magisk（只有选择制作成卡刷包时才生效）" type="checkbox" />
            <param name="Verify" label="加入机型验证" type="checkbox" />
        </params>
    </action>
<!-- END -->
</group>
<group title="其它">
<!-- START -->
    <action interruptible="false">
        <title>分区介绍</title>
        <set>cat $Data_Dir/img_Help.log</set>
    </action>
<!-- END -->
</group>
