<?xml version="1.0" encoding="utf-8"?>
<group title="特别鸣谢">
<!-- START -->
    <page link="https://github.com/helloklf/kr-scripts">
        <title>Kr-Scripts项目主页</title>
        <desc>搞机助手的脚本与框架基础</desc>
    </page>
<!-- END -->
</group>
<group title="Magisk">
<!-- START -->
    <page link="https://magiskmanager.com/">
        <title>Magisk Manager官网</title>
    </page>
<!-- END -->
<!-- START -->
    <page link="https://github.com/topjohnwu/Magisk/releases">
        <title>Magisk Manager：Github下载网址</title>
    </page>
<!-- END -->
<!-- START -->
    <page link="https://topjohnwu.github.io/Magisk/guides.html">
        <title>Magisk Developer Guides（开发人员指南）</title>
    </page>
<!-- END -->
<!-- START -->
    <page link="https://topjohnwu.github.io/Magisk/install.html">
        <title>Magisk 安装说明</title>
    </page>
<!-- END -->
</group>
<group title="Xposed">
<!-- START -->
    <page link="https://github.com/RikkaApps/Riru/releases">
        <title>Riru（Riru - Code)：Github</title>
    </page>
<!-- END -->
<!-- START -->
    <page link="https://github.com/ElderDrivers/EdXposed/releases/">
        <title>Riru EdXposed：Github发布页</title>
        <desc>需下载Riru搭配使用！然后下载EdXposed Manager.apk进行模块管理</desc>
    </page>
<!-- END -->
<!-- START -->
    <page link="https://ci.appveyor.com/project/ElderDrivers/edxposed/build/artifacts">
        <title>Riru EdXposed：Snapshot Versions（非官方版本）</title>
        <desc>需下载Riru搭配使用！然后下载EdXposed Manager.apk进行模块管理</desc>
    </page>
<!-- END -->
<!-- START -->
    <page link="https://github.com/ElderDrivers/EdXposedManager/releases">
        <title>EdXposed Manager Github</title>
    </page>
<!-- END -->
<!-- START -->
    <page link="https://github.com/canyie/Dreamland/releases">
        <title>Riru 梦境框架</title>
    </page>
<!-- END -->
<!-- START -->
    <page link="https://github.com/canyie/DreamlandManager/releases">
        <title>梦境框架管理器</title>
    </page>
<!-- END -->
<!-- START -->
    <page link="https://taichi.cool/zh/">
        <title>太极官网</title>
    </page>
<!-- END -->
<!-- START -->
    <page link="https://repo.xposed.info/module-overview">
        <title>Xposed Module Repository（Xposed模块存储库）</title>
    </page>
<!-- END -->
<!-- START -->
    <page link="https://www.xda.im/">
        <title>XDA.IM - Xposed与Magisk仓库</title>
    </page>
<!-- END -->
<!-- START -->
    <page link="https://taichi.cool/zh/module/">
        <title>模块下载 | 太极</title>
    </page>
<!-- END -->
</group>
<group title="Recovery">
<!-- START -->
    <page link="https://m.weibo.cn/u/6033736159">
        <title>wzsx150 新浪微博地址</title>
        <desc>LR.Team定制版TWRP下载地址</desc>
    </page>
<!-- END -->
<!-- START -->
    <page link="https://twrp.me/Devices/">
        <title>TWRP官方网址</title>
    </page>
<!-- END -->
<!-- START -->
    <page link="https://sourceforge.net/projects/orangefox/files/">
        <title>橙狐rec下载网址①</title>
    </page>
<!-- END -->
<!-- START -->
    <page link="https://orangefox.download/zh-CN">
        <title>橙狐rec下载网址②</title>
    </page>
<!-- END -->
<!-- START -->
    <page link="https://pitchblackrecovery.com/">
        <title>PBRP Recovery</title>
    </page>
<!-- END -->
<!-- START -->
    <page link="https://sourceforge.net/projects/shrp/files/">
        <title>SHRP Recovery</title>
    </page>
<!-- END -->
<!-- START -->
    <page link="https://forum.xda-developers.com/c/general-development.11974/">
        <title>general-development</title>
    </page>
<!-- END -->
</group>
<group title="MIUI">
<!-- START -->
    <page link="http://www.manosp.com/">
        <title>mandfx 炫设置官改MIUI</title>
    </page>
<!-- END -->
<!-- START -->
    <page link="https://www.lt2333.com/index">
        <title>LittleTurtle网络科技官改MIUI</title>
    </page>
<!-- END -->
<!-- START -->
    <page link="http://www.miui.com/shuaji-393.html">
        <title>小米官方提供的线刷包下载地址</title>
    </page>
<!-- END -->
<!-- START -->
    <page link="https://www.miui.com/download.html">
        <title>小米官方提供的卡刷包下载地址</title>
    </page>
<!-- END -->
<!-- START -->
    <page link="https://github.com/mooseIre/update_miui_ota/">
        <title>MIUI OTA 更新地址</title>
        <desc>内含卡刷包线刷包</desc>
    </page>
<!-- END -->
<!-- START -->
    <page link="https://xiaomirom.com/">
        <title>XiaomiROM.com</title>
        <desc>XiaomiROM.com 是一个站点，用于收集小米手机、小米平板等小米机型其国行版、全球版、欧洲版（欧版）、印度版、印度尼西亚版、俄罗斯版（俄版）、土耳其版、台湾版（台版）的小米 ROM。刷机包下载链接来自小米ROM官网地址，您始终可以获得全速下载。固件均为小米官方ROM，当前没有第三方 ROM。</desc>
    </page>
<!-- END -->
<!-- START -->
    <page link="https://miuiver.com/">
        <title>小米各机型 MIUI 历史版本分类索引</title>
        <desc>内含卡刷包、线刷包、增量包</desc>
    </page>
<!-- END -->
<!-- START -->
    <page link="https://miui.gq/">
        <title>各机型小米设备 MIUI 版本索引</title>
        <desc>内含卡刷包、线刷包</desc>
    </page>
<!-- END -->
<!-- START -->
    <page link="https://roms.miuier.com/index.html">
        <title>MIUI官方ROM仓库</title>
        <desc>内含卡刷包线刷包</desc>
    </page>
<!-- END -->
</group>
<group title="刷机ROM网址">
<!-- START -->
    <page link="https://sourceforge.net/projects/xyzuan/files/">
        <title>A xyzuan`ROM</title>
    </page>
<!-- END -->
<!-- START -->
    <page link="https://theunlockr.com/roms/android-roms/">
        <title>Android ROMs</title>
    </page>
<!-- END -->
<!-- START -->
    <page link="https://sourceforge.net/projects/illusionproject/files/">
        <title>AOSiP</title>
    </page>
<!-- END -->
<!-- START -->
    <page link="https://downloads.aospextended.com/">
        <title>AOSP Extended</title>
    </page>
<!-- END -->
<!-- START -->
    <page link="https://sourceforge.net/projects/arrow-os/files/">
        <title>Arrow OS</title>
    </page>
<!-- END -->
<!-- START -->
    <page link="https://sourceforge.net/projects/bootleggersrom/files/">
        <title>Bootleggers</title>
    </page>
<!-- END -->
<!-- START -->
    <page link="https://sourceforge.net/projects/candyroms/files/">
        <title>CandyROMs</title>
    </page>
<!-- END -->
<!-- START -->
    <page link="https://sourceforge.net/projects/coltos/files/">
        <title>ColtOS</title>
    </page>
<!-- END -->
<!-- START -->
    <page link="https://crdroid.net/">
        <title>crDroid</title>
    </page>
<!-- END -->
<!-- START -->
    <page link="https://sourceforge.net/projects/cygnus-android/files/">
        <title>Cygnus</title>
    </page>
<!-- END -->
<!-- START -->
    <page link="https://www.droidontime.com/">
        <title>dotOS</title>
    </page>
<!-- END -->
<!-- START -->
    <page link="https://grapheneos.org/">
        <title>GrapheneOS</title>
    </page>
<!-- END -->
<!-- START -->
    <page link="https://sourceforge.net/projects/guzram-ports/files/">
        <title>Guzram's Ports World</title>
    </page>
<!-- END -->
<!-- START -->
    <page link="https://sourceforge.net/projects/havoc-os/files/">
        <title>Havoc-OS</title>
    </page>
<!-- END -->
<!-- START -->
    <page link="https://sourceforge.net/projects/i-o-n/files/device/">
        <title>ion</title>
    </page>
<!-- END -->
<!-- START -->
    <page link="https://kaleidoscope.ink/">
        <title>Kaleidoscope OS</title>
    </page>
<!-- END -->
<!-- START -->
    <page link="https://sourceforge.net/projects/kubilproject/files/">
        <title>KubilProject</title>
    </page>
<!-- END -->
<!-- START -->
    <page link="https://download.lineageos.org/">
        <title>LineageOS</title>
    </page>
<!-- END -->
<!-- START -->
    <page link="https://miuipro.net/rom/miuipro-updating/">
        <title>MIUI Pro</title>
    </page>
<!-- END -->
<!-- START -->
    <page link="https://download.mokeedev.com">
        <title>Mokee</title>
    </page>
<!-- END -->
<!-- START -->
    <page link="https://sourceforge.net/projects/xtended/files/">
        <title>MSM-Xtended</title>
    </page>
<!-- END -->
<!-- START -->
    <page link="https://sourceforge.net/projects/nangis/files/">
        <title>Nangis Project</title>
    </page>
<!-- END -->
<!-- START -->
    <page link="https://sourceforge.net/projects/neonrelease/files/">
        <title>NeonOS</title>
    </page>
<!-- END -->
<!-- START -->
    <page link="http://dl.omnirom.org/">
        <title>Omnirom</title>
    </page>
<!-- END -->
<!-- START -->
    <page link="https://www.pling.com/browse/cat/495/order/latest/">
        <title>OpenDesktop</title>
    </page>
<!-- END -->
<!-- START -->
    <page link="https://download.pixelexperience.org/">
        <title>Pixel Experience</title>
    </page>
<!-- END -->
<!-- START -->
    <page link="https://sourceforge.net/projects/pixys-os/files/">
        <title>Pixys OS</title>
    </page>
<!-- END -->
<!-- START -->
    <page link="https://sourceforge.net/projects/posp/files/">
        <title>Potato Open Sauce Project</title>
    </page>
<!-- END -->
<!-- START -->
    <page link="https://protonaosp.kdrag0n.dev">
        <title>Proton AOSP</title>
    </page>
<!-- END -->
<!-- START -->
    <page link="https://sourceforge.net/projects/rebellion-os/files/">
        <title>Rebellion-OS</title>
    </page>
<!-- END -->
<!-- START -->
    <page link="https://get.resurrectionremix.com/">
        <title>Resurrection Remix</title>
    </page>
<!-- END -->
<!-- START -->
    <page link="https://revengeos.com/">
        <title>RevengeOS</title>
    </page>
<!-- END -->
<!-- START -->
    <page link="https://sourceforge.net/projects/skylarkaurora/files/">
        <title>SkylarkAurora</title>
    </page>
<!-- END -->
<!-- START -->
    <page link="https://sourceforge.net/projects/stagos-10/files/">
        <title>StagOS-10</title>
    </page>
<!-- END -->
<!-- START -->
    <page link="https://sourceforge.net/projects/superioros/files/">
        <title>Superior OS</title>
    </page>
<!-- END -->
<!-- START -->
    <page link="https://syberiaos.com/">
        <title>Syberia OS</title>
    </page>
<!-- END -->
<!-- START -->
    <page link="http://srom.xyz/">
        <title>XDA搬运工</title>
    </page>
<!-- END -->
</group>
<group title="其他">
<!-- START -->
    <page link="https://f-droid.org/packages/com.termux/">
        <title>下载Termux</title>
    </page>
<!-- END -->
<!-- START -->
    <page link="https://forum.xda-developers.com/apps/magisk/module-url-here">
        <title>XDA上的Magisk模块区</title>
    </page>
<!-- END -->
<!-- START -->
    <page link="https://wordsaway.krytro.com/">
        <title>文字反屏蔽转换</title>
    </page>
<!-- END -->
<!-- START -->
    <page link="https://www.celsoazevedo.com/files/android/google-camera/">
        <title>Google Camera Port</title>
    </page>
<!-- END -->
<!-- START -->
    <page link="https://www.xda-developers.com/google-camera-port-hub/">
        <title>Google Camera Port XDA</title>
    </page>
<!-- END -->
<!-- START -->
    <page link="https://github.com/E7KMbb/AD-hosts/releases">
        <title>AD-hosts</title>
        <desc>替换hosts来屏蔽广告</desc>
    </page>
<!-- END -->
<!-- START -->
    <page link="https://signup.jp.leagueoflegends.com/ja/signup/index?locale_referrer=en_US#/">
        <title>拳头账号注册地址</title>
        <desc>推荐使用谷歌浏览器打开，自备VPN</desc>
    </page>
<!-- END -->
<!-- START -->
    <page link="http://www.miui.com/unlock/index.html">
        <title>解锁小米手机</title>
    </page>
<!-- END -->
<!-- START -->
    <page link="https://flash.mokeedev.com/">
        <title>Flash MoKee (beta)</title>
        <desc>该网址类似OTG功能区的Recovery模式下Sideload线刷</desc>
    </page>
<!-- END -->
<!-- START -->
    <page link="https://xiaomifirmwareupdater.com/">
        <title>Xiaomi Firmware Updater（小米固件更新程序）</title>
    </page>
<!-- END -->
<!-- START -->
    <page link="https://dl-xda.xposed.info/framework/">
        <title>Xposed官方网址</title>
    </page>
<!-- END -->
<!-- START -->
    <page link="https://github.com/opengapps/opengapps">
        <title>Open GApps（安装谷歌套件）①</title>
    </page>
<!-- END -->
<!-- START -->
    <page link="https://opengapps.org/">
        <title>Open GApps（安装谷歌套件）②</title>
    </page>
<!-- END -->
<!-- START -->
    <page link="https://github.com/Pzqqt/Magisk_Manager_Recovery_Tool/releases">
        <title>Magisk_Manager_Recovery_Tool</title>
        <desc>面具模块管理器，只限在Recovery里使用，可提供可视化操作触摸管理Magisk已安装模块</desc>
    </page>
<!-- END -->
<!-- START -->
    <page link="https://www.luckypatchers.com/">
        <title>幸运破解器官方网址</title>
    </page>
<!-- END -->
<!-- START -->
    <page link="https://chelpus.com/luckypatcher/Changelogs.vers">
        <title>幸运破解器更新日志</title>
    </page>
<!-- END -->
<!-- START -->
    <page link="https://chelpus.com/luckypatcher/LuckyPatcherInstaller.apk">
        <title>幸运破解器官方下载地址</title>
    </page>
<!-- END -->
<!-- START -->
    <page link="https://checkra.in/">
        <title>checkra1n</title>
    </page>
<!-- END -->
<!-- START -->
    <page link="https://lsdy.top/">
        <title>Windows版：「搞机助手」，以及更多实用软件</title>
    </page>
<!-- END -->
<!-- START -->
    <page link="https://developer.android.com/studio/releases/platform-tools?hl=zh-CN">
        <title>SDK Platform Tools </title>
        <desc>需要科学上网才可访问，Android SDK Platform Tools 是 Android SDK 的一个组件。它包含与 Android 平台进行交互的工具，例如 adb、fastboot 和 systrace。开发 Android 应用时需要使用这些工具。如果您想要解锁设备的引导加载程序并为其刷入新的系统映像，同样需要使用这些工具。</desc>
    </page>
<!-- END -->

</group>