<?xml version="1.0" encoding="utf-8"?>
<group title="连接设备信息">
<!-- START -->
    <action>
        <title>ADB/Recovery/Sideload模式</title>
        <desc>点击获取详细信息</desc>
        <summary sh=". ./ADB/List_of_devices.sh -0"></summary>
        <set>. ./ADB/Connection_device_information.sh</set>
    </action>
<!-- END -->
</group>
<group>
<!-- START -->
    <action>
        <title>Fastboot模式</title>
        <desc>点击获取详细信息</desc>
        <summary sh=". ./ADB/List_of_devices.sh -FASTBOOT"></summary>
        <set>. ./ADB/Device_information.sh</set>
            <param name="ShowAll" label="查看全部信息" type="switch" />
    </action>
<!-- END -->
</group>
<group>
<!-- START -->
    <text>
        <title>9008/EDL模式</title>
        <summary sh=". ./ADB/List_of_devices.sh -9008"></summary>
    </text>
<!-- END -->
</group>
<group>
<!-- START -->
    <text>
        <title>查看USB状态</title>
        <summary sh=". ./ADB/List_of_devices.sh -USB"></summary>
    </text>
<!-- END -->
</group>
<group>
<!-- START -->
    <action>
        <title>异常修复</title>
        <desc>如果对方设备在系统模式下，请务必将开发者选项里 -->默认USB配置 -->选择传输文件（MTP），否则你点异常修复也没用</desc>
        <set>adb -reset</set>
    </action>
<!-- END -->
</group>

